train_loss,epoch,step
18.931928634643555,49,49
18.258501052856445,99,99
17.255699157714844,149,149
16.746417999267578,199,199
16.523664474487305,249,249
16.41159439086914,299,299
16.30483055114746,349,349
16.2368106842041,399,399
16.16259765625,449,449
16.133304595947266,499,499
16.08068084716797,549,549
16.068849563598633,599,599
16.0656795501709,649,649
16.095619201660156,699,699
16.064380645751953,749,749
