train_loss,epoch,step
18.894577026367188,49,49
17.740192413330078,99,99
16.843547821044922,149,149
16.448591232299805,199,199
16.24152374267578,249,249
16.13434600830078,299,299
16.045063018798828,349,349
