train_loss,epoch,step
27.702064514160156,4,49
26.606287002563477,9,99
22.88618278503418,14,149
20.80622673034668,19,199
20.44093894958496,24,249
20.119474411010742,29,299
19.97173309326172,34,349
19.955190658569336,39,399
19.817472457885742,44,449
19.734838485717773,49,499
19.686796188354492,54,549
19.68341827392578,59,599
19.679119110107422,64,649
